{
  "name": "rt2",
  "title": "RT2: Electric Heist",
  "description": null,
  "version": "1.0.0",
  "minimumCoreVersion": "0.0.0",
  "compatibleCoreVersion": "1.0.0",
  "scripts": [],
  "esmodules": [],
  "styles": [],
  "packs": [],
  "languages": [],
  "authors": [],
  "keywords": [],
  "socket": false,
  "url": "",
  "manifest": "",
  "download": "",
  "license": "",
  "readme": "",
  "bugs": "",
  "changelog": "",
  "background": "d72siq1-a47274c0-4a5e-4917-b3fe-f0dc50353300.jpg",
  "system": "dark-heresy",
  "coreVersion": "0.7.5",
  "systemVersion": "1.2.0",
  "nextSession": null,
  "availability": 0,
  "unavailable": false
}